Tenor,CDS,DF,Lambda,PD,P
0,,1,,0,1
0.5,128.4,0.995834793,0.02128632,0.010586722,0.989413278
1,150,0.990963005,0.022197422,0.021952872,0.978047128
1.5,200.295,0.985696663,0.027797843,0.040839412,0.959160588
2,250.59,0.98010504,0.033451744,0.064714536,0.935285464
2.5,280.295,0.974101112,0.039174425,0.093293126,0.906706874
3,310,0.967832361,0.044993708,0.126267595,0.873732405
3.5,360,0.96123247,0.050170389,0.161043451,0.838956549
4,410,0.954239279,0.055470681,0.198990701,0.801009299
4.5,500,0.94689889,0.060575656,0.238595443,0.761404557
5,590,0.939187228,0.065842403,0.280509542,0.719490458
